Subject,Start Date,Start Time,End Date,End Time,All Day Event,Description,Location
,,,,,,,
中華民國開國紀念日,2026/1/1,,2026/1/1,,TRUE,,
,,,,,,,
例假日,2026/1/3,,2026/1/3,,TRUE,,
,,,,,,,
例假日,2026/1/4,,2026/1/4,,TRUE,,
,,,,,,,
例假日,2026/1/10,,2026/1/10,,TRUE,,
,,,,,,,
例假日,2026/1/11,,2026/1/11,,TRUE,,
,,,,,,,
例假日,2026/1/17,,2026/1/17,,TRUE,,
,,,,,,,
例假日,2026/1/18,,2026/1/18,,TRUE,,
,,,,,,,
例假日,2026/1/24,,2026/1/24,,TRUE,,
,,,,,,,
例假日,2026/1/25,,2026/1/25,,TRUE,,
,,,,,,,
例假日,2026/1/31,,2026/1/31,,TRUE,,
,,,,,,,
例假日,2026/2/1,,2026/2/1,,TRUE,,
,,,,,,,
例假日,2026/2/7,,2026/2/7,,TRUE,,
,,,,,,,
例假日,2026/2/8,,2026/2/8,,TRUE,,
,,,,,,,
例假日,2026/2/14,,2026/2/14,,TRUE,,
,,,,,,,
小年夜,2026/2/15,,2026/2/15,,TRUE,,
,,,,,,,
農曆除夕,2026/2/16,,2026/2/16,,TRUE,,
,,,,,,,
春節,2026/2/17,,2026/2/17,,TRUE,,
,,,,,,,
春節,2026/2/18,,2026/2/18,,TRUE,,
,,,,,,,
春節,2026/2/19,,2026/2/19,,TRUE,,
,,,,,,,
補假,2026/2/20,,2026/2/20,,TRUE,,
,,,,,,,
例假日,2026/2/21,,2026/2/21,,TRUE,,
,,,,,,,
例假日,2026/2/22,,2026/2/22,,TRUE,,
,,,,,,,
補假,2026/2/27,,2026/2/27,,TRUE,,
,,,,,,,
和平紀念日,2026/2/28,,2026/2/28,,TRUE,,
,,,,,,,
例假日,2026/3/1,,2026/3/1,,TRUE,,
,,,,,,,
例假日,2026/3/7,,2026/3/7,,TRUE,,
,,,,,,,
例假日,2026/3/8,,2026/3/8,,TRUE,,
,,,,,,,
例假日,2026/3/14,,2026/3/14,,TRUE,,
,,,,,,,
例假日,2026/3/15,,2026/3/15,,TRUE,,
,,,,,,,
例假日,2026/3/21,,2026/3/21,,TRUE,,
,,,,,,,
例假日,2026/3/22,,2026/3/22,,TRUE,,
,,,,,,,
例假日,2026/3/28,,2026/3/28,,TRUE,,
,,,,,,,
例假日,2026/3/29,,2026/3/29,,TRUE,,
,,,,,,,
補假,2026/4/3,,2026/4/3,,TRUE,,
,,,,,,,
兒童節,2026/4/4,,2026/4/4,,TRUE,,
,,,,,,,
清明節,2026/4/5,,2026/4/5,,TRUE,,
,,,,,,,
補假,2026/4/6,,2026/4/6,,TRUE,,
,,,,,,,
例假日,2026/4/11,,2026/4/11,,TRUE,,
,,,,,,,
例假日,2026/4/12,,2026/4/12,,TRUE,,
,,,,,,,
例假日,2026/4/18,,2026/4/18,,TRUE,,
,,,,,,,
例假日,2026/4/19,,2026/4/19,,TRUE,,
,,,,,,,
例假日,2026/4/25,,2026/4/25,,TRUE,,
,,,,,,,
例假日,2026/4/26,,2026/4/26,,TRUE,,
,,,,,,,
勞動節,2026/5/1,,2026/5/1,,TRUE,,
,,,,,,,
例假日,2026/5/2,,2026/5/2,,TRUE,,
,,,,,,,
例假日,2026/5/3,,2026/5/3,,TRUE,,
,,,,,,,
例假日,2026/5/9,,2026/5/9,,TRUE,,
,,,,,,,
例假日,2026/5/10,,2026/5/10,,TRUE,,
,,,,,,,
例假日,2026/5/16,,2026/5/16,,TRUE,,
,,,,,,,
例假日,2026/5/17,,2026/5/17,,TRUE,,
,,,,,,,
例假日,2026/5/23,,2026/5/23,,TRUE,,
,,,,,,,
例假日,2026/5/24,,2026/5/24,,TRUE,,
,,,,,,,
例假日,2026/5/30,,2026/5/30,,TRUE,,
,,,,,,,
例假日,2026/5/31,,2026/5/31,,TRUE,,
,,,,,,,
例假日,2026/6/6,,2026/6/6,,TRUE,,
,,,,,,,
例假日,2026/6/7,,2026/6/7,,TRUE,,
,,,,,,,
例假日,2026/6/13,,2026/6/13,,TRUE,,
,,,,,,,
例假日,2026/6/14,,2026/6/14,,TRUE,,
,,,,,,,
端午節,2026/6/19,,2026/6/19,,TRUE,,
,,,,,,,
例假日,2026/6/20,,2026/6/20,,TRUE,,
,,,,,,,
例假日,2026/6/21,,2026/6/21,,TRUE,,
,,,,,,,
例假日,2026/6/27,,2026/6/27,,TRUE,,
,,,,,,,
例假日,2026/6/28,,2026/6/28,,TRUE,,
,,,,,,,
例假日,2026/7/4,,2026/7/4,,TRUE,,
,,,,,,,
例假日,2026/7/5,,2026/7/5,,TRUE,,
,,,,,,,
例假日,2026/7/11,,2026/7/11,,TRUE,,
,,,,,,,
例假日,2026/7/12,,2026/7/12,,TRUE,,
,,,,,,,
例假日,2026/7/18,,2026/7/18,,TRUE,,
,,,,,,,
例假日,2026/7/19,,2026/7/19,,TRUE,,
,,,,,,,
例假日,2026/7/25,,2026/7/25,,TRUE,,
,,,,,,,
例假日,2026/7/26,,2026/7/26,,TRUE,,
,,,,,,,
例假日,2026/8/1,,2026/8/1,,TRUE,,
,,,,,,,
例假日,2026/8/2,,2026/8/2,,TRUE,,
,,,,,,,
例假日,2026/8/8,,2026/8/8,,TRUE,,
,,,,,,,
例假日,2026/8/9,,2026/8/9,,TRUE,,
,,,,,,,
例假日,2026/8/15,,2026/8/15,,TRUE,,
,,,,,,,
例假日,2026/8/16,,2026/8/16,,TRUE,,
,,,,,,,
例假日,2026/8/22,,2026/8/22,,TRUE,,
,,,,,,,
例假日,2026/8/23,,2026/8/23,,TRUE,,
,,,,,,,
例假日,2026/8/29,,2026/8/29,,TRUE,,
,,,,,,,
例假日,2026/8/30,,2026/8/30,,TRUE,,
,,,,,,,
例假日,2026/9/5,,2026/9/5,,TRUE,,
,,,,,,,
例假日,2026/9/6,,2026/9/6,,TRUE,,
,,,,,,,
例假日,2026/9/12,,2026/9/12,,TRUE,,
,,,,,,,
例假日,2026/9/13,,2026/9/13,,TRUE,,
,,,,,,,
例假日,2026/9/19,,2026/9/19,,TRUE,,
,,,,,,,
例假日,2026/9/20,,2026/9/20,,TRUE,,
,,,,,,,
中秋節,2026/9/25,,2026/9/25,,TRUE,,
,,,,,,,
例假日,2026/9/26,,2026/9/26,,TRUE,,
,,,,,,,
例假日,2026/9/27,,2026/9/27,,TRUE,,
,,,,,,,
教師節,2026/9/28,,2026/9/28,,TRUE,,
,,,,,,,
例假日,2026/10/3,,2026/10/3,,TRUE,,
,,,,,,,
例假日,2026/10/4,,2026/10/4,,TRUE,,
,,,,,,,
補假,2026/10/9,,2026/10/9,,TRUE,,
,,,,,,,
國慶日,2026/10/10,,2026/10/10,,TRUE,,
,,,,,,,
例假日,2026/10/11,,2026/10/11,,TRUE,,
,,,,,,,
例假日,2026/10/17,,2026/10/17,,TRUE,,
,,,,,,,
例假日,2026/10/18,,2026/10/18,,TRUE,,
,,,,,,,
例假日,2026/10/24,,2026/10/24,,TRUE,,
,,,,,,,
臺灣光復暨金門古寧頭大捷紀念日,2026/10/25,,2026/10/25,,TRUE,,
,,,,,,,
補假,2026/10/26,,2026/10/26,,TRUE,,
,,,,,,,
例假日,2026/10/31,,2026/10/31,,TRUE,,
,,,,,,,
例假日,2026/11/1,,2026/11/1,,TRUE,,
,,,,,,,
例假日,2026/11/7,,2026/11/7,,TRUE,,
,,,,,,,
例假日,2026/11/8,,2026/11/8,,TRUE,,
,,,,,,,
例假日,2026/11/14,,2026/11/14,,TRUE,,
,,,,,,,
例假日,2026/11/15,,2026/11/15,,TRUE,,
,,,,,,,
例假日,2026/11/21,,2026/11/21,,TRUE,,
,,,,,,,
例假日,2026/11/22,,2026/11/22,,TRUE,,
,,,,,,,
例假日,2026/11/28,,2026/11/28,,TRUE,,
,,,,,,,
例假日,2026/11/29,,2026/11/29,,TRUE,,
,,,,,,,
例假日,2026/12/5,,2026/12/5,,TRUE,,
,,,,,,,
例假日,2026/12/6,,2026/12/6,,TRUE,,
,,,,,,,
例假日,2026/12/12,,2026/12/12,,TRUE,,
,,,,,,,
例假日,2026/12/13,,2026/12/13,,TRUE,,
,,,,,,,
例假日,2026/12/19,,2026/12/19,,TRUE,,
,,,,,,,
例假日,2026/12/20,,2026/12/20,,TRUE,,
,,,,,,,
行憲紀念日,2026/12/25,,2026/12/25,,TRUE,,
,,,,,,,
例假日,2026/12/26,,2026/12/26,,TRUE,,
,,,,,,,
例假日,2026/12/27,,2026/12/27,,TRUE,,
